{
  "label": "worked example",
  "lengths": "2-3",
  "n": 8,
  "edges": 24,
  "k": 2,
  "depths": {
    "1": {
      "expected_cost": -0.3100940446023885,
      "p_optimal": 0.1100481079393506,
      "approximation_ratio": 0.9597641439191045,
      "concentration": 7.043078908118439,
      "n_opt": 4,
      "uniform": 0.015625,
      "ground_cost": -2.0,
      "params": [
        3.343092441319107,
        0.5131828187454988
      ],
      "repair_to_d0l": 1.0
    },
    "2": {
      "expected_cost": -0.7864073645702493,
      "p_optimal": 0.15541129595255876,
      "approximation_ratio": 0.9711049372516727,
      "concentration": 9.94632294096376,
      "n_opt": 4,
      "uniform": 0.015625,
      "ground_cost": -2.0,
      "params": [
        3.020548864338808,
        2.8155135762202903,
        1.0836279415905379,
        1.3194132085816488
      ],
      "repair_to_d0l": 1.0
    },
    "3": {
      "expected_cost": -0.832492544458467,
      "p_optimal": 0.1794672726960149,
      "approximation_ratio": 0.9722022034394874,
      "concentration": 11.485905452544953,
      "n_opt": 4,
      "uniform": 0.015625,
      "ground_cost": -2.0,
      "params": [
        3.0286371160272614,
        2.8200964564532676,
        0.26175593742707004,
        1.0893429984166305,
        1.2314890371381506,
        0.09175048133753982
      ],
      "repair_to_d0l": 1.0
    }
  }
}