{
  "label": "algae (A,AB,ABA)",
  "lengths": "1-2-3",
  "n": 9,
  "edges": 27,
  "k": 3,
  "depths": {
    "1": {
      "expected_cost": -0.48248496721696543,
      "p_optimal": 0.01327605858442373,
      "approximation_ratio": 0.9475517701503534,
      "concentration": 6.79734199522495,
      "n_opt": 1,
      "uniform": 0.001953125,
      "ground_cost": -3.0,
      "params": [
        0.193258627154356,
        2.6135961065740623
      ],
      "repair_to_d0l": 1.0
    },
    "2": {
      "expected_cost": -1.0268113186326895,
      "p_optimal": 0.018349905347410933,
      "approximation_ratio": 0.9588919024715143,
      "concentration": 9.395151537874398,
      "n_opt": 1,
      "uniform": 0.001953125,
      "ground_cost": -3.0,
      "params": [
        0.12173191448517379,
        0.33182392741024047,
        2.622273286187161,
        -0.24601922093160233
      ],
      "repair_to_d0l": 1.0
    },
    "3": {
      "expected_cost": -1.4115966341886712,
      "p_optimal": 0.020297538415323498,
      "approximation_ratio": 0.966908263212264,
      "concentration": 10.392339668645631,
      "n_opt": 1,
      "uniform": 0.001953125,
      "ground_cost": -3.0,
      "params": [
        2.696985825725191,
        0.40103757916240945,
        0.06178394943087662,
        1.549524220496143,
        1.1668137102463163,
        1.1508831051129613
      ],
      "repair_to_d0l": 1.0
    }
  }
}