{
  "label": "second example",
  "lengths": "2-4",
  "n": 10,
  "edges": 40,
  "k": 2,
  "depths": {
    "1": {
      "expected_cost": -0.10530270348932269,
      "p_optimal": 0.07666338644614078,
      "approximation_ratio": 0.9736847597706851,
      "concentration": 15.70066154416963,
      "n_opt": 5,
      "uniform": 0.0048828125,
      "ground_cost": -2.0,
      "params": [
        -0.1581650863197692,
        0.5481983559552865
      ],
      "repair_to_d0l": 1.0
    },
    "2": {
      "expected_cost": -0.6510111569920575,
      "p_optimal": 0.09027000535169756,
      "approximation_ratio": 0.9812640438471119,
      "concentration": 18.48729709602766,
      "n_opt": 5,
      "uniform": 0.0048828125,
      "ground_cost": -2.0,
      "params": [
        -0.12969680725988197,
        0.11179479943615367,
        0.9841792627917676,
        -0.40416460631204854
      ],
      "repair_to_d0l": 1.0
    },
    "3": {
      "expected_cost": -1.0243206147592616,
      "p_optimal": 0.1463193964605584,
      "approximation_ratio": 0.986448897427212,
      "concentration": 29.96621239512236,
      "n_opt": 5,
      "uniform": 0.0048828125,
      "ground_cost": -2.0,
      "params": [
        0.1258748599355716,
        3.07038674290828,
        1.6008694848500822,
        1.9691146622596682,
        1.0209348876475053,
        1.425575736103182
      ],
      "repair_to_d0l": 1.0
    }
  }
}