{
  "label": "dragon curve, m=1 pruned",
  "lengths": "2-6",
  "n": 8,
  "edges": 27,
  "k": 2,
  "depths": {
    "1": {
      "expected_cost": -0.1327064737149072,
      "p_optimal": 0.0299902174154166,
      "approximation_ratio": 0.9610980515357271,
      "concentration": 7.67749565834665,
      "n_opt": 1,
      "uniform": 0.00390625,
      "ground_cost": -2.0,
      "params": [
        3.323055154518278,
        0.5252073561618662
      ],
      "repair_to_d0l": 1.0
    },
    "2": {
      "expected_cost": -1.3177715815700821,
      "p_optimal": 0.4544019128518123,
      "approximation_ratio": 0.9857869079493767,
      "concentration": 116.32688969006395,
      "n_opt": 1,
      "uniform": 0.00390625,
      "ground_cost": -2.0,
      "params": [
        0.9048511054742162,
        2.2367370440078695,
        1.5709426072326014,
        0.7853601731439676
      ],
      "repair_to_d0l": 1.0
    },
    "3": {
      "expected_cost": -1.4128166823197978,
      "p_optimal": 0.521052685761148,
      "approximation_ratio": 0.9877670142149958,
      "concentration": 133.3894875548539,
      "n_opt": 1,
      "uniform": 0.00390625,
      "ground_cost": -2.0,
      "params": [
        0.9080246913799577,
        2.251950029483658,
        0.2030670537461845,
        1.5709159399119699,
        0.9461305908653601,
        -0.13674603895299758
      ],
      "repair_to_d0l": 1.0
    }
  }
}